track_id,frame_id,timestamp_ms,x,y,vx,vy,psi_rad,length,width
1,0,0,10,7.565,0,-2.5,0.0657,4.37,1.77
1,1,100,10,7.315,0,-2.5,0.0648,4.37,1.77
1,2,200,10,7.065,0,-2.5,0.0638,4.37,1.77
1,3,300,10,6.815,0,-2.5,0.0628,4.37,1.77
1,4,400,10,6.565,0,-2.5,0.062,4.37,1.77
1,5,500,10,6.315,0,-2.5,0.0614,4.37,1.77
1,6,600,10,6.065,0,-2.5,0.061,4.37,1.77
1,7,700,10,5.815,0,-2.5,0.0605,4.37,1.77
1,8,800,10,5.565,0,-2.5,0.0602,4.37,1.77
1,9,900,10,5.315,0,-2.5,0.0601,4.37,1.77
1,10,1000,10,5.065,0,-2.5,0.0602,4.37,1.77
1,11,1100,10,4.815,0,-2.5,0.0604,4.37,1.77
1,12,1200,10,4.565,0,-2.5,0.0605,4.37,1.77
1,13,1300,10,4.315,0,-2.5,0.0606,4.37,1.77
1,14,1400,10,4.065,0,-2.5,0.0607,4.37,1.77
1,15,1500,10,3.815,0,-2.5,0.0605,4.37,1.77
1,16,1600,10,3.565,0,-2.5,0.0603,4.37,1.77
1,17,1700,10,3.315,0,-2.5,0.0601,4.37,1.77
1,18,1800,10,3.065,0,-2.5,0.0598,4.37,1.77
1,19,1900,10,2.815,0,-2.5,0.0594,4.37,1.77
1,20,2000,10,2.565,0,-2.5,0.0592,4.37,1.77
1,21,2100,10,2.315,0,-2.5,0.0588,4.37,1.77
1,22,2200,10,2.065,0,-2.5,0.0585,4.37,1.77
1,23,2300,10,1.815,0,-2.5,0.0583,4.37,1.77
1,24,2400,10,1.565,0,-2.5,0.0581,4.37,1.77
1,25,2500,10,1.315,0,-2.5,0.058,4.37,1.77
1,26,2600,10,1.065,0,-2.5,0.0578,4.37,1.77
1,27,2700,10,0.815,0,-2.5,0.0573,4.37,1.77
1,28,2800,10,0.565,0,-2.5,0.0565,4.37,1.77
1,29,2900,10,0.315,0,-2.5,0.0556,4.37,1.77
1,30,3000,10,0.065,0,-2.5,0.0546,4.37,1.77
1,31,3100,10,-0.185,0,-2.5,0.0534,4.37,1.77
1,32,3200,10,-0.435,0,-2.5,0.0519,4.37,1.77
1,33,3300,10,-0.685,0,-2.5,0.0505,4.37,1.77
1,34,3400,10,-0.935,0,-2.5,0.0495,4.37,1.77
1,35,3500,10,-1.185,0,-2.5,0.0485,4.37,1.77
1,36,3600,10,-1.435,0,-2.5,0.0476,4.37,1.77
1,37,3700,10,-1.685,0,-2.5,0.0473,4.37,1.77
1,38,3800,10,-1.935,0,-2.5,0.0476,4.37,1.77
1,39,3900,10,-2.185,0,-2.5,0.0484,4.37,1.77
1,40,4000,10,-2.435,0,-2.5,0.0497,4.37,1.77
1,41,4100,10,-2.685,0,-2.5,0.051,4.37,1.77
1,42,4200,10,-2.935,0,-2.5,0.0519,4.37,1.77
1,43,4300,10,-3.185,0,-2.5,0.0521,4.37,1.77
1,44,4400,10,-3.435,0,-2.5,0.0516,4.37,1.77
1,45,4500,10,-3.685,0,-2.5,0.051,4.37,1.77
1,46,4600,10,-3.935,0,-2.5,0.0504,4.37,1.77
1,47,4700,10,-4.185,0,-2.5,0.0496,4.37,1.77
1,48,4800,10,-4.435,0,-2.5,0.0488,4.37,1.77
1,49,4900,10,-4.685,0,-2.5,0.0481,4.37,1.77
1,50,5000,10,-4.935,0,-2.5,0.0473,4.37,1.77
1,51,5100,10,-5.185,0,-2.5,0.0466,4.37,1.77
1,52,5200,10,-5.435,0,-2.5,0.0461,4.37,1.77
1,53,5300,10,-5.685,0,-2.5,0.0459,4.37,1.77
1,54,5400,10,-5.935,0,-2.5,0.0459,4.37,1.77
1,55,5500,10,-6.185,0,-2.5,0.0462,4.37,1.77
1,56,5600,10,-6.435,0,-2.5,0.0465,4.37,1.77
1,57,5700,10,-6.685,0,-2.5,0.047,4.37,1.77
1,58,5800,10,-6.935,0,-2.5,0.0474,4.37,1.77
1,59,5900,10,-7.185,0,-2.5,0.0478,4.37,1.77
1,60,6000,10,-7.435,0,-2.5,0.0482,4.37,1.77
1,61,6100,10,-7.685,0,-2.5,0.0484,4.37,1.77
1,62,6200,10,-7.935,0,-2.5,0.0485,4.37,1.77
1,63,6300,10,-8.185,0,-2.5,0.0484,4.37,1.77
1,64,6400,10,-8.435,0,-2.5,0.0482,4.37,1.77
1,65,6500,10,-8.685,0,-2.5,0.0477,4.37,1.77
1,66,6600,10,-8.935,0,-2.5,0.0471,4.37,1.77
1,67,6700,10,-9.185,0,-2.5,0.0463,4.37,1.77
1,68,6800,10,-9.435,0,-2.5,0.0455,4.37,1.77
1,69,6900,10,-9.685,0,-2.5,0.0444,4.37,1.77
1,70,7000,10,-9.935,0,-2.5,0.0428,4.37,1.77
1,71,7100,10,-10.185,0,-2.5,0.0406,4.37,1.77
1,72,7200,10,-10.435,0,-2.5,0.0378,4.37,1.77
1,73,7300,10,-10.685,0,-2.5,0.0345,4.37,1.77
1,74,7400,10,-10.935,0,-2.5,0.0309,4.37,1.77
1,75,7500,10,-11.185,0,-2.5,0.0273,4.37,1.77
1,76,7600,10,-11.435,0,-2.5,0.0237,4.37,1.77
1,77,7700,10,-11.685,0,-2.5,0.0205,4.37,1.77
1,78,7800,10,-11.935,0,-2.5,0.0174,4.37,1.77
1,79,7900,10,-12.185,0,-2.5,0.0144,4.37,1.77
1,80,8000,10,-12.435,0,-2.5,0.0115,4.37,1.77
1,81,8100,10,-12.685,0,-2.5,0.0087,4.37,1.77
1,82,8200,10,-12.935,0,-2.5,0.0058,4.37,1.77
1,83,8300,10,-13.185,0,-2.5,0.0029,4.37,1.77
1,84,8400,10,-13.435,0,-2.5,0.0002,4.37,1.77
1,85,8500,10,-13.685,0,-2.5,-0.0023,4.37,1.77
1,86,8600,10,-13.935,0,-2.5,-0.0047,4.37,1.77
1,87,8700,10,-14.185,0,-2.5,-0.007,4.37,1.77
1,88,8800,10,-14.435,0,-2.5,-0.0092,4.37,1.77
1,89,8900,10,-14.685,0,-2.5,-0.0113,4.37,1.77
1,90,9000,10,-14.935,0,-2.5,-0.0136,4.37,1.77
1,91,9100,10,-15.185,0,-2.5,-0.0161,4.37,1.77
1,92,9200,10,-15.435,0,-2.5,-0.0189,4.37,1.77
1,93,9300,10,-15.685,0,-2.5,-0.022,4.37,1.77
1,94,9400,10,-15.935,0,-2.5,-0.0257,4.37,1.77
1,95,9500,10,-16.185,0,-2.5,-0.0296,4.37,1.77
1,96,9600,10,-16.435,0,-2.5,-0.0339,4.37,1.77
1,97,9700,10,-16.685,0,-2.5,-0.0382,4.37,1.77
1,98,9800,10,-16.935,0,-2.5,-0.0428,4.37,1.77
1,99,9900,10,-17.185,0,-2.5,-0.0477,4.37,1.77
1,100,10000,10,-17.435,0,-2.5,-0.053,4.37,1.77
1,101,10100,10,-17.685,0,-2.5,-0.0585,4.37,1.77
1,102,10200,10,-17.935,0,-2.5,-0.0642,4.37,1.77
1,103,10300,10,-18.185,0,-2.5,-0.0699,4.37,1.77
1,104,10400,10,-18.435,0,-2.5,-0.0758,4.37,1.77
1,105,10500,10,-18.685,0,-2.5,-0.0819,4.37,1.77
1,106,10600,10,-18.935,0,-2.5,-0.0882,4.37,1.77
1,107,10700,10,-19.185,0,-2.5,-0.095,4.37,1.77
1,108,10800,10,-19.435,0,-2.5,-0.102,4.37,1.77
1,109,10900,10,-19.685,0,-2.5,-0.1092,4.37,1.77
1,110,11000,10,-19.935,0,-2.5,-0.1165,4.37,1.77
1,111,11100,10,-20.185,0,-2.5,-0.1239,4.37,1.77
1,112,11200,10,-20.435,0,-2.5,-0.1314,4.37,1.77
1,113,11300,10,-20.685,0,-2.5,-0.1393,4.37,1.77
1,114,11400,10,-20.935,0,-2.5,-0.1474,4.37,1.77
1,115,11500,10,-21.185,0,-2.5,-0.156,4.37,1.77
1,116,11600,10,-21.435,0,-2.5,-0.1648,4.37,1.77
1,117,11700,10,-21.685,0,-2.5,-0.1739,4.37,1.77
1,118,11800,10,-21.935,0,-2.5,-0.1834,4.37,1.77
1,119,11900,10,-22.185,0,-2.5,-0.193,4.37,1.77
1,120,12000,10,-22.435,0,-2.5,-0.2026,4.37,1.77
1,121,12100,10,-22.685,0,-2.5,-0.2123,4.37,1.77
1,122,12200,10,-22.935,0,-2.5,-0.2222,4.37,1.77
1,123,12300,10,-23.185,0,-2.5,-0.2319,4.37,1.77
1,124,12400,10,-23.435,0,-2.5,-0.2414,4.37,1.77
1,125,12500,10,-23.685,0,-2.5,-0.2507,4.37,1.77
1,126,12600,10,-23.935,0,-2.5,-0.2598,4.37,1.77
1,127,12700,10,-24.185,0,-2.5,-0.2687,4.37,1.77
1,128,12800,10,-24.435,0,-2.5,-0.2774,4.37,1.77
1,129,12900,10,-24.685,0,-2.5,-0.2859,4.37,1.77
1,130,13000,10,-24.935,0,-2.5,-0.2943,4.37,1.77
1,131,13100,10,-25.185,0,-2.5,-0.3028,4.37,1.77
1,132,13200,10,-25.435,0,-2.5,-0.3116,4.37,1.77
1,133,13300,10,-25.685,0,-2.5,-0.3205,4.37,1.77
1,134,13400,10,-25.935,0,-2.5,-0.3295,4.37,1.77
1,135,13500,10,-26.185,0,-2.5,-0.3387,4.37,1.77
1,136,13600,10,-26.435,0,-2.5,-0.3478,4.37,1.77
1,137,13700,10,-26.685,0,-2.5,-0.3568,4.37,1.77
1,138,13800,10,-26.935,0,-2.5,-0.3657,4.37,1.77
1,139,13900,10,-27.185,0,-2.5,-0.3747,4.37,1.77
1,140,14000,10,-27.435,0,-2.5,-0.384,4.37,1.77
1,141,14100,10,-27.685,0,-2.5,-0.3936,4.37,1.77
1,142,14200,10,-27.935,0,-2.5,-0.4034,4.37,1.77
1,143,14300,10,-28.185,0,-2.5,-0.4136,4.37,1.77
1,144,14400,10,-28.435,0,-2.5,-0.4244,4.37,1.77
1,145,14500,10,-28.685,0,-2.5,-0.4355,4.37,1.77
1,146,14600,10,-28.935,0,-2.5,-0.447,4.37,1.77
1,147,14700,10,-29.185,0,-2.5,-0.4589,4.37,1.77
1,148,14800,10,-29.435,0,-2.5,-0.4711,4.37,1.77
1,149,14900,10,-29.685,0,-2.5,-0.4835,4.37,1.77
1,150,15000,10,-29.935,0,-2.5,-0.4962,4.37,1.77
1,151,15100,10,-30.185,0,-2.5,-0.5091,4.37,1.77
1,152,15200,10,-30.435,0,-2.5,-0.5225,4.37,1.77
1,153,15300,10,-30.685,0,-2.5,-0.5363,4.37,1.77
1,154,15400,10,-30.935,0,-2.5,-0.5505,4.37,1.77
1,155,15500,10,-31.185,0,-2.5,-0.565,4.37,1.77
1,156,15600,10,-31.435,0,-2.5,-0.5798,4.37,1.77
1,157,15700,10,-31.685,0,-2.5,-0.5946,4.37,1.77
1,158,15800,10,-31.935,0,-2.5,-0.6097,4.37,1.77
1,159,15900,10,-32.185,0,-2.5,-0.625,4.37,1.77
1,160,16000,10,-32.435,0,-2.5,-0.6402,4.37,1.77
1,161,16100,10,-32.685,0,-2.5,-0.6554,4.37,1.77
1,162,16200,10,-32.935,0,-2.5,-0.6705,4.37,1.77
1,163,16300,10,-33.185,0,-2.5,-0.6853,4.37,1.77
1,164,16400,10,-33.435,0,-2.5,-0.6997,4.37,1.77
1,165,16500,10,-33.685,0,-2.5,-0.7136,4.37,1.77
1,166,16600,10,-33.935,0,-2.5,-0.7266,4.37,1.77
1,167,16700,10,-34.185,0,-2.5,-0.7384,4.37,1.77
1,168,16800,10,-34.435,0,-2.5,-0.7488,4.37,1.77
1,169,16900,10,-34.685,0,-2.5,-0.7577,4.37,1.77
1,170,17000,10,-34.935,0,-2.5,-0.7647,4.37,1.77
1,171,17100,10,-35.185,0,-2.5,-0.77,4.37,1.77
1,172,17200,10,-35.435,0,-2.5,-0.7737,4.37,1.77
1,173,17300,10,-35.685,0,-2.5,-0.776,4.37,1.77
1,174,17400,10,-35.935,0,-2.5,-0.7771,4.37,1.77
1,175,17500,10,-36.185,0,-2.5,-0.7773,4.37,1.77
1,176,17600,10,-36.435,0,-2.5,3.1279,4.59,1.85
1,177,17700,10,-36.685,0,-2.5,3.1177,4.59,1.85
1,178,17800,10,-36.935,0,-2.5,3.1075,4.59,1.85
1,179,17900,10,-37.185,0,-2.5,3.0972,4.59,1.85
1,180,18000,10,-37.435,0,-2.5,3.0867,4.59,1.85
1,181,18100,10,-37.685,0,-2.5,3.0759,4.59,1.85
1,182,18200,10,-37.935,0,-2.5,3.0648,4.59,1.85
1,183,18300,10,-38.185,0,-2.5,3.0533,4.59,1.85
1,184,18400,10,-38.435,0,-2.5,3.0416,4.59,1.85
1,185,18500,10,-38.685,0,-2.5,3.0296,4.59,1.85
1,186,18600,10,-38.935,0,-2.5,3.0176,4.59,1.85
1,187,18700,10,-39.185,0,-2.5,3.0058,4.59,1.85
1,188,18800,10,-39.435,0,-2.5,2.9942,4.59,1.85
1,189,18900,10,-39.685,0,-2.5,2.9827,4.59,1.85
1,190,19000,10,-39.935,0,-2.5,2.9714,4.59,1.85
1,191,19100,10,-40.185,0,-2.5,2.9605,4.59,1.85
1,192,19200,10,-40.435,0,-2.5,2.9505,4.59,1.85
1,193,19300,10,-40.685,0,-2.5,2.9417,4.59,1.85
1,194,19400,10,-40.935,0,-2.5,2.9343,4.59,1.85
1,195,19500,10,-41.185,0,-2.5,2.9282,4.59,1.85
1,196,19600,10,-41.435,0,-2.5,2.9236,4.59,1.85
1,197,19700,10,-41.685,0,-2.5,2.9205,4.59,1.85
1,198,19800,10,-41.935,0,-2.5,2.919,4.59,1.85
1,199,19900,10,-42.185,0,-2.5,2.9192,4.59,1.85
1,200,20000,10,-42.435,0,-2.5,2.921,4.59,1.85
1,201,20100,10,-42.685,0,-2.5,2.9246,4.59,1.85
1,202,20200,10,-42.935,0,-2.5,2.9299,4.59,1.85
1,203,20300,10,-43.185,0,-2.5,2.9371,4.59,1.85
1,204,20400,10,-43.435,0,-2.5,2.9463,4.59,1.85
1,205,20500,10,-43.685,0,-2.5,2.9576,4.59,1.85
1,206,20600,10,-43.935,0,-2.5,2.9708,4.59,1.85
1,207,20700,10,-44.185,0,-2.5,2.9859,4.59,1.85
1,208,20800,10,-44.435,0,-2.5,3.003,4.59,1.85
1,209,20900,10,-44.685,0,-2.5,3.0218,4.59,1.85
1,210,21000,10,-44.935,0,-2.5,3.0422,4.59,1.85
1,211,21100,10,-45.185,0,-2.5,3.064,4.59,1.85
1,212,21200,10,-45.435,0,-2.5,3.0874,4.59,1.85
1,213,21300,10,-45.685,0,-2.5,3.1122,4.59,1.85
1,214,21400,10,-45.935,0,-2.5,3.1381,4.59,1.85
1,215,21500,10,-46.185,0,-2.5,-3.1181,4.59,1.85
1,216,21600,10,-46.435,0,-2.5,-3.0903,4.59,1.85
1,217,21700,10,-46.685,0,-2.5,-3.0621,4.59,1.85
1,218,21800,10,-46.935,0,-2.5,-3.0336,4.59,1.85
1,219,21900,10,-47.185,0,-2.5,-3.0051,4.59,1.85
1,220,22000,10,-47.435,0,-2.5,-2.9768,4.59,1.85
1,221,22100,10,-47.685,0,-2.5,-2.9487,4.59,1.85
1,222,22200,10,-47.935,0,-2.5,-2.9213,4.59,1.85
1,223,22300,10,-48.185,0,-2.5,-2.8948,4.59,1.85
1,224,22400,10,-48.435,0,-2.5,-2.8692,4.59,1.85
1,225,22500,10,-48.685,0,-2.5,-2.8447,4.59,1.85
1,226,22600,10,-48.935,0,-2.5,-2.8214,4.59,1.85
1,227,22700,10,-49.185,0,-2.5,-2.7995,4.59,1.85
1,228,22800,10,-49.435,0,-2.5,-2.779,4.59,1.85
1,229,22900,10,-49.685,0,-2.5,-2.7601,4.59,1.85
1,230,23000,10,-49.935,0,-2.5,-2.7429,4.59,1.85
1,231,23100,10,-50.185,0,-2.5,-2.7275,4.59,1.85
1,232,23200,10,-50.435,0,-2.5,-2.7138,4.59,1.85
1,233,23300,10,-50.685,0,-2.5,-2.7018,4.59,1.85
1,234,23400,10,-50.935,0,-2.5,-2.6916,4.59,1.85
1,235,23500,10,-51.185,0,-2.5,-2.6832,4.59,1.85
1,236,23600,10,-51.435,0,-2.5,-2.6767,4.59,1.85
1,237,23700,10,-51.685,0,-2.5,-2.672,4.59,1.85
1,238,23800,10,-51.935,0,-2.5,-2.669,4.59,1.85
1,239,23900,10,-52.185,0,-2.5,-2.6677,4.59,1.85
2,0,0,10,17.565,0,-2.5,-2.6679,4.59,1.85
2,1,100,10,17.315,0,-2.5,-2.6695,4.59,1.85
2,2,200,10,17.065,0,-2.5,-2.6724,4.59,1.85
2,3,300,10,16.815,0,-2.5,-2.6766,4.59,1.85
2,4,400,10,16.565,0,-2.5,-2.682,4.59,1.85
2,5,500,10,16.315,0,-2.5,-2.6887,4.59,1.85
2,6,600,10,16.065,0,-2.5,-2.6963,4.59,1.85
2,7,700,10,15.815,0,-2.5,-2.7046,4.59,1.85
2,8,800,10,15.565,0,-2.5,-2.7137,4.59,1.85
2,9,900,10,15.315,0,-2.5,-2.7234,4.59,1.85
2,10,1000,10,15.065,0,-2.5,-2.7335,4.59,1.85
2,11,1100,10,14.815,0,-2.5,-2.7439,4.59,1.85
2,12,1200,10,14.565,0,-2.5,-2.7545,4.59,1.85
2,13,1300,10,14.315,0,-2.5,-2.7652,4.59,1.85
2,14,1400,10,14.065,0,-2.5,-2.7759,4.59,1.85
2,15,1500,10,13.815,0,-2.5,-2.7866,4.59,1.85
2,16,1600,10,13.565,0,-2.5,-2.7975,4.59,1.85
2,17,1700,10,13.315,0,-2.5,-2.8084,4.59,1.85
2,18,1800,10,13.065,0,-2.5,-2.8195,4.59,1.85
2,19,1900,10,12.815,0,-2.5,-2.8308,4.59,1.85
2,20,2000,10,12.565,0,-2.5,-2.8422,4.59,1.85
2,21,2100,10,12.315,0,-2.5,-2.8537,4.59,1.85
2,22,2200,10,12.065,0,-2.5,-2.8653,4.59,1.85
2,23,2300,10,11.815,0,-2.5,-2.877,4.59,1.85
2,24,2400,10,11.565,0,-2.5,-2.8884,4.59,1.85
2,25,2500,10,11.315,0,-2.5,-2.8996,4.59,1.85
2,26,2600,10,11.065,0,-2.5,-2.9102,4.59,1.85
2,27,2700,10,10.815,0,-2.5,-2.92,4.59,1.85
2,28,2800,10,10.565,0,-2.5,-2.929,4.59,1.85
2,29,2900,10,10.315,0,-2.5,-2.9369,4.59,1.85
2,30,3000,10,10.065,0,-2.5,-2.9438,4.59,1.85
2,31,3100,10,9.815,0,-2.5,-2.9494,4.59,1.85
2,32,3200,10,9.565,0,-2.5,-2.9538,4.59,1.85
2,33,3300,10,9.315,0,-2.5,-2.9569,4.59,1.85
2,34,3400,10,9.065,0,-2.5,-2.9587,4.59,1.85
2,35,3500,10,8.815,0,-2.5,-2.9596,4.59,1.85
2,36,3600,10,8.565,0,-2.5,-2.9599,4.59,1.85
2,37,3700,10,8.315,0,-2.5,2.2404,4.67,1.87
2,38,3800,10,8.065,0,-2.5,2.2325,4.67,1.87
2,39,3900,10,7.815,0,-2.5,2.2247,4.67,1.87
2,40,4000,10,7.565,0,-2.5,2.217,4.67,1.87
2,41,4100,10,7.315,0,-2.5,2.2099,4.67,1.87
2,42,4200,10,7.065,0,-2.5,2.2038,4.67,1.87
2,43,4300,10,6.815,0,-2.5,2.1993,4.67,1.87
2,44,4400,10,6.565,0,-2.5,2.1965,4.67,1.87
2,45,4500,10,6.315,0,-2.5,2.1951,4.67,1.87
2,46,4600,10,6.065,0,-2.5,2.1943,4.67,1.87
2,47,4700,10,5.815,0,-2.5,2.1938,4.67,1.87
2,48,4800,10,5.565,0,-2.5,2.1931,4.67,1.87
2,49,4900,10,5.315,0,-2.5,2.1919,4.67,1.87
2,50,5000,10,5.065,0,-2.5,2.19,4.67,1.87
2,51,5100,10,4.815,0,-2.5,2.1872,4.67,1.87
2,52,5200,10,4.565,0,-2.5,2.1834,4.67,1.87
2,53,5300,10,4.315,0,-2.5,2.1788,4.67,1.87
2,54,5400,10,4.065,0,-2.5,2.1737,4.67,1.87
2,55,5500,10,3.815,0,-2.5,2.1682,4.67,1.87
2,56,5600,10,3.565,0,-2.5,2.1625,4.67,1.87
2,57,5700,10,3.315,0,-2.5,2.1561,4.67,1.87
2,58,5800,10,3.065,0,-2.5,2.1494,4.67,1.87
2,59,5900,10,2.815,0,-2.5,2.1426,4.67,1.87
2,60,6000,10,2.565,0,-2.5,2.1357,4.67,1.87
2,61,6100,10,2.315,0,-2.5,2.1296,4.67,1.87
2,62,6200,10,2.065,0,-2.5,2.1244,4.67,1.87
2,63,6300,10,1.815,0,-2.5,2.1197,4.67,1.87
2,64,6400,10,1.565,0,-2.5,2.1148,4.67,1.87
2,65,6500,10,1.315,0,-2.5,2.1094,4.67,1.87
2,66,6600,10,1.065,0,-2.5,2.1046,4.67,1.87
2,67,6700,10,0.815,0,-2.5,2.102,4.67,1.87
2,68,6800,10,0.565,0,-2.5,2.1024,4.67,1.87
2,69,6900,10,0.315,0,-2.5,2.106,4.67,1.87
2,70,7000,10,0.065,0,-2.5,2.1127,4.67,1.87
2,71,7100,10,-0.185,0,-2.5,2.1218,4.67,1.87
2,72,7200,10,-0.435,0,-2.5,2.1309,4.67,1.87
2,73,7300,10,-0.685,0,-2.5,2.1385,4.67,1.87
2,74,7400,10,-0.935,0,-2.5,2.1459,4.67,1.87
2,75,7500,10,-1.185,0,-2.5,2.1527,4.67,1.87
2,76,7600,10,-1.435,0,-2.5,2.1574,4.67,1.87
2,77,7700,10,-1.685,0,-2.5,2.1597,4.67,1.87
2,78,7800,10,-1.935,0,-2.5,2.1598,4.67,1.87
2,79,7900,10,-2.185,0,-2.5,2.1578,4.67,1.87
2,80,8000,10,-2.435,0,-2.5,2.1536,4.67,1.87
2,81,8100,10,-2.685,0,-2.5,2.1468,4.67,1.87
2,82,8200,10,-2.935,0,-2.5,2.1374,4.67,1.87
2,83,8300,10,-3.185,0,-2.5,2.126,4.67,1.87
2,84,8400,10,-3.435,0,-2.5,2.1126,4.67,1.87
2,85,8500,10,-3.685,0,-2.5,2.0973,4.67,1.87
2,86,8600,10,-3.935,0,-2.5,2.0804,4.67,1.87
2,87,8700,10,-4.185,0,-2.5,2.062,4.67,1.87
2,88,8800,10,-4.435,0,-2.5,2.0425,4.67,1.87
2,89,8900,10,-4.685,0,-2.5,2.0226,4.67,1.87
2,90,9000,10,-4.935,0,-2.5,2.0026,4.67,1.87
2,91,9100,10,-5.185,0,-2.5,1.9829,4.67,1.87
2,92,9200,10,-5.435,0,-2.5,1.9634,4.67,1.87
2,93,9300,10,-5.685,0,-2.5,1.9443,4.67,1.87
2,94,9400,10,-5.935,0,-2.5,1.9261,4.67,1.87
2,95,9500,10,-6.185,0,-2.5,1.9089,4.67,1.87
2,96,9600,10,-6.435,0,-2.5,1.8929,4.67,1.87
2,97,9700,10,-6.685,0,-2.5,1.8778,4.67,1.87
2,98,9800,10,-6.935,0,-2.5,1.8635,4.67,1.87
2,99,9900,10,-7.185,0,-2.5,1.8498,4.67,1.87
2,100,10000,10,-7.435,0,-2.5,1.8369,4.67,1.87
2,101,10100,10,-7.685,0,-2.5,1.8247,4.67,1.87
2,102,10200,10,-7.935,0,-2.5,1.8132,4.67,1.87
2,103,10300,10,-8.185,0,-2.5,1.8022,4.67,1.87
2,104,10400,10,-8.435,0,-2.5,1.7918,4.67,1.87
2,105,10500,10,-8.685,0,-2.5,1.7819,4.67,1.87
2,106,10600,10,-8.935,0,-2.5,1.7724,4.67,1.87
2,107,10700,10,-9.185,0,-2.5,1.7632,4.67,1.87
2,108,10800,10,-9.435,0,-2.5,1.7544,4.67,1.87
2,109,10900,10,-9.685,0,-2.5,1.7458,4.67,1.87
2,110,11000,10,-9.935,0,-2.5,1.7375,4.67,1.87
2,111,11100,10,-10.185,0,-2.5,1.7295,4.67,1.87
2,112,11200,10,-10.435,0,-2.5,1.7218,4.67,1.87
2,113,11300,10,-10.685,0,-2.5,1.7144,4.67,1.87
2,114,11400,10,-10.935,0,-2.5,1.7073,4.67,1.87
2,115,11500,10,-11.185,0,-2.5,1.7005,4.67,1.87
2,116,11600,10,-11.435,0,-2.5,1.6941,4.67,1.87
2,117,11700,10,-11.685,0,-2.5,1.6883,4.67,1.87
2,118,11800,10,-11.935,0,-2.5,1.6833,4.67,1.87
2,119,11900,10,-12.185,0,-2.5,1.6795,4.67,1.87
2,120,12000,10,-12.435,0,-2.5,1.6772,4.67,1.87
2,121,12100,10,-12.685,0,-2.5,1.6765,4.67,1.87
2,122,12200,10,-12.935,0,-2.5,1.6778,4.67,1.87
2,123,12300,10,-13.185,0,-2.5,1.6815,4.67,1.87
2,124,12400,10,-13.435,0,-2.5,1.6879,4.67,1.87
2,125,12500,10,-13.685,0,-2.5,1.697,4.67,1.87
2,126,12600,10,-13.935,0,-2.5,1.7091,4.67,1.87
2,127,12700,10,-14.185,0,-2.5,1.7242,4.67,1.87
2,128,12800,10,-14.435,0,-2.5,1.7423,4.67,1.87
2,129,12900,10,-14.685,0,-2.5,1.7633,4.67,1.87
2,130,13000,10,-14.935,0,-2.5,1.787,4.67,1.87
2,131,13100,10,-15.185,0,-2.5,1.8134,4.67,1.87
2,132,13200,10,-15.435,0,-2.5,1.8424,4.67,1.87
2,133,13300,10,-15.685,0,-2.5,1.8735,4.67,1.87
2,134,13400,10,-15.935,0,-2.5,1.9064,4.67,1.87
2,135,13500,10,-16.185,0,-2.5,1.941,4.67,1.87
2,136,13600,10,-16.435,0,-2.5,1.977,4.67,1.87
2,137,13700,10,-16.685,0,-2.5,2.0143,4.67,1.87
2,138,13800,10,-16.935,0,-2.5,2.053,4.67,1.87
2,139,13900,10,-17.185,0,-2.5,2.0929,4.67,1.87
2,140,14000,10,-17.435,0,-2.5,2.1341,4.67,1.87
2,141,14100,10,-17.685,0,-2.5,2.1764,4.67,1.87
2,142,14200,10,-17.935,0,-2.5,2.2199,4.67,1.87
2,143,14300,10,-18.185,0,-2.5,2.2647,4.67,1.87
2,144,14400,10,-18.435,0,-2.5,2.3109,4.67,1.87
2,145,14500,10,-18.685,0,-2.5,2.3582,4.67,1.87
2,146,14600,10,-18.935,0,-2.5,2.4066,4.67,1.87
2,147,14700,10,-19.185,0,-2.5,2.4558,4.67,1.87
2,148,14800,10,-19.435,0,-2.5,2.5058,4.67,1.87
2,149,14900,10,-19.685,0,-2.5,2.5566,4.67,1.87
2,150,15000,10,-19.935,0,-2.5,2.6081,4.67,1.87
2,151,15100,10,-20.185,0,-2.5,2.6601,4.67,1.87
2,152,15200,10,-20.435,0,-2.5,2.7125,4.67,1.87
2,153,15300,10,-20.685,0,-2.5,2.765,4.67,1.87
2,154,15400,10,-20.935,0,-2.5,2.8173,4.67,1.87
2,155,15500,10,-21.185,0,-2.5,2.8693,4.67,1.87
2,156,15600,10,-21.435,0,-2.5,2.9212,4.67,1.87
2,157,15700,10,-21.685,0,-2.5,2.9727,4.67,1.87
2,158,15800,10,-21.935,0,-2.5,3.0239,4.67,1.87
2,159,15900,10,-22.185,0,-2.5,3.0745,4.67,1.87
2,160,16000,10,-22.435,0,-2.5,3.1246,4.67,1.87
2,161,16100,10,-22.685,0,-2.5,-3.1092,4.67,1.87
2,162,16200,10,-22.935,0,-2.5,-3.0609,4.67,1.87
2,163,16300,10,-23.185,0,-2.5,-3.0137,4.67,1.87
2,164,16400,10,-23.435,0,-2.5,-2.9677,4.67,1.87
2,165,16500,10,-23.685,0,-2.5,-2.9229,4.67,1.87
2,166,16600,10,-23.935,0,-2.5,-2.8793,4.67,1.87
2,167,16700,10,-24.185,0,-2.5,-2.8371,4.67,1.87
2,168,16800,10,-24.435,0,-2.5,-2.7967,4.67,1.87
2,169,16900,10,-24.685,0,-2.5,-2.7584,4.67,1.87
2,170,17000,10,-24.935,0,-2.5,-2.7224,4.67,1.87
2,171,17100,10,-25.185,0,-2.5,-2.6891,4.67,1.87
2,172,17200,10,-25.435,0,-2.5,-2.6582,4.67,1.87
2,173,17300,10,-25.685,0,-2.5,-2.6301,4.67,1.87
2,174,17400,10,-25.935,0,-2.5,-2.6049,4.67,1.87
2,175,17500,10,-26.185,0,-2.5,-2.583,4.67,1.87
2,176,17600,10,-26.435,0,-2.5,-2.5643,4.67,1.87
2,177,17700,10,-26.685,0,-2.5,-2.5486,4.67,1.87
2,178,17800,10,-26.935,0,-2.5,-2.536,4.67,1.87
2,179,17900,10,-27.185,0,-2.5,-2.5262,4.67,1.87
2,180,18000,10,-27.435,0,-2.5,-2.5194,4.67,1.87
2,181,18100,10,-27.685,0,-2.5,-2.5154,4.67,1.87
2,182,18200,10,-27.935,0,-2.5,-2.514,4.67,1.87
2,183,18300,10,-28.185,0,-2.5,-2.515,4.67,1.87
2,184,18400,10,-28.435,0,-2.5,-2.5182,4.67,1.87
2,185,18500,10,-28.685,0,-2.5,-2.5236,4.67,1.87
2,186,18600,10,-28.935,0,-2.5,-2.5309,4.67,1.87
2,187,18700,10,-29.185,0,-2.5,-2.54,4.67,1.87
2,188,18800,10,-29.435,0,-2.5,-2.5507,4.67,1.87
2,189,18900,10,-29.685,0,-2.5,-2.5627,4.67,1.87
2,190,19000,10,-29.935,0,-2.5,-2.5758,4.67,1.87
2,191,19100,10,-30.185,0,-2.5,-2.5895,4.67,1.87
2,192,19200,10,-30.435,0,-2.5,-2.6039,4.67,1.87
2,193,19300,10,-30.685,0,-2.5,-2.6189,4.67,1.87
2,194,19400,10,-30.935,0,-2.5,-2.6343,4.67,1.87
2,195,19500,10,-31.185,0,-2.5,-2.6501,4.67,1.87
2,196,19600,10,-31.435,0,-2.5,-2.6662,4.67,1.87
2,197,19700,10,-31.685,0,-2.5,-2.6826,4.67,1.87
2,198,19800,10,-31.935,0,-2.5,-2.6993,4.67,1.87
2,199,19900,10,-32.185,0,-2.5,-2.7165,4.67,1.87
2,200,20000,10,-32.435,0,-2.5,-2.734,4.67,1.87
2,201,20100,10,-32.685,0,-2.5,-2.752,4.67,1.87
2,202,20200,10,-32.935,0,-2.5,-2.7702,4.67,1.87
2,203,20300,10,-33.185,0,-2.5,-2.7886,4.67,1.87
2,204,20400,10,-33.435,0,-2.5,-2.807,4.67,1.87
2,205,20500,10,-33.685,0,-2.5,-2.8254,4.67,1.87
2,206,20600,10,-33.935,0,-2.5,-2.8436,4.67,1.87
2,207,20700,10,-34.185,0,-2.5,-2.8616,4.67,1.87
2,208,20800,10,-34.435,0,-2.5,-2.8789,4.67,1.87
2,209,20900,10,-34.685,0,-2.5,-2.8955,4.67,1.87
2,210,21000,10,-34.935,0,-2.5,-2.9113,4.67,1.87
2,211,21100,10,-35.185,0,-2.5,-2.926,4.67,1.87
2,212,21200,10,-35.435,0,-2.5,-2.9397,4.67,1.87
2,213,21300,10,-35.685,0,-2.5,-2.9523,4.67,1.87
2,214,21400,10,-35.935,0,-2.5,-2.9636,4.67,1.87
2,215,21500,10,-36.185,0,-2.5,-2.9739,4.67,1.87
2,216,21600,10,-36.435,0,-2.5,-2.983,4.67,1.87
2,217,21700,10,-36.685,0,-2.5,-2.9908,4.67,1.87
2,218,21800,10,-36.935,0,-2.5,-2.9975,4.67,1.87
2,219,21900,10,-37.185,0,-2.5,-3.0031,4.67,1.87
2,220,22000,10,-37.435,0,-2.5,-3.0075,4.67,1.87
2,221,22100,10,-37.685,0,-2.5,-3.0109,4.67,1.87
2,222,22200,10,-37.935,0,-2.5,-3.0133,4.67,1.87
2,223,22300,10,-38.185,0,-2.5,-3.0148,4.67,1.87
2,224,22400,10,-38.435,0,-2.5,-3.0156,4.67,1.87
2,225,22500,10,-38.685,0,-2.5,-3.0158,4.67,1.87
2,226,22600,10,-38.935,0,-2.5,0.0783,4.39,1.86
2,227,22700,10,-39.185,0,-2.5,0.0779,4.39,1.86
2,228,22800,10,-39.435,0,-2.5,0.0775,4.39,1.86
2,229,22900,10,-39.685,0,-2.5,0.077,4.39,1.86
2,230,23000,10,-39.935,0,-2.5,0.0763,4.39,1.86
2,231,23100,10,-40.185,0,-2.5,0.0756,4.39,1.86
2,232,23200,10,-40.435,0,-2.5,0.0747,4.39,1.86
2,233,23300,10,-40.685,0,-2.5,0.0737,4.39,1.86
2,234,23400,10,-40.935,0,-2.5,0.0724,4.39,1.86
2,235,23500,10,-41.185,0,-2.5,0.0708,4.39,1.86
2,236,23600,10,-41.435,0,-2.5,0.0689,4.39,1.86
2,237,23700,10,-41.685,0,-2.5,0.0667,4.39,1.86
2,238,23800,10,-41.935,0,-2.5,0.0645,4.39,1.86
2,239,23900,10,-42.185,0,-2.5,0.0621,4.39,1.86
3,0,0,10,27.565,0,-2.5,0.0596,4.39,1.86
3,1,100,10,27.315,0,-2.5,0.0569,4.39,1.86
3,2,200,10,27.065,0,-2.5,0.0541,4.39,1.86
3,3,300,10,26.815,0,-2.5,0.0512,4.39,1.86
3,4,400,10,26.565,0,-2.5,0.048,4.39,1.86
3,5,500,10,26.315,0,-2.5,0.0449,4.39,1.86
3,6,600,10,26.065,0,-2.5,0.0418,4.39,1.86
3,7,700,10,25.815,0,-2.5,0.039,4.39,1.86
3,8,800,10,25.565,0,-2.5,0.0363,4.39,1.86
3,9,900,10,25.315,0,-2.5,0.0338,4.39,1.86
3,10,1000,10,25.065,0,-2.5,0.0315,4.39,1.86
3,11,1100,10,24.815,0,-2.5,0.0295,4.39,1.86
3,12,1200,10,24.565,0,-2.5,0.0279,4.39,1.86
3,13,1300,10,24.315,0,-2.5,0.0267,4.39,1.86
3,14,1400,10,24.065,0,-2.5,0.0255,4.39,1.86
3,15,1500,10,23.815,0,-2.5,0.0242,4.39,1.86
3,16,1600,10,23.565,0,-2.5,0.0226,4.39,1.86
3,17,1700,10,23.315,0,-2.5,0.0209,4.39,1.86
3,18,1800,10,23.065,0,-2.5,0.0189,4.39,1.86
3,19,1900,10,22.815,0,-2.5,0.0168,4.39,1.86
3,20,2000,10,22.565,0,-2.5,0.0143,4.39,1.86
3,21,2100,10,22.315,0,-2.5,0.0115,4.39,1.86
3,22,2200,10,22.065,0,-2.5,0.0084,4.39,1.86
3,23,2300,10,21.815,0,-2.5,0.0053,4.39,1.86
3,24,2400,10,21.565,0,-2.5,0.0021,4.39,1.86
3,25,2500,10,21.315,0,-2.5,-0.0012,4.39,1.86
3,26,2600,10,21.065,0,-2.5,-0.0047,4.39,1.86
3,27,2700,10,20.815,0,-2.5,-0.0083,4.39,1.86
3,28,2800,10,20.565,0,-2.5,-0.012,4.39,1.86
3,29,2900,10,20.315,0,-2.5,-0.0158,4.39,1.86
3,30,3000,10,20.065,0,-2.5,-0.0197,4.39,1.86
3,31,3100,10,19.815,0,-2.5,-0.0234,4.39,1.86
3,32,3200,10,19.565,0,-2.5,-0.0269,4.39,1.86
3,33,3300,10,19.315,0,-2.5,-0.0303,4.39,1.86
3,34,3400,10,19.065,0,-2.5,-0.0336,4.39,1.86
3,35,3500,10,18.815,0,-2.5,-0.0367,4.39,1.86
3,36,3600,10,18.565,0,-2.5,-0.0395,4.39,1.86
3,37,3700,10,18.315,0,-2.5,-0.0418,4.39,1.86
3,38,3800,10,18.065,0,-2.5,-0.0437,4.39,1.86
3,39,3900,10,17.815,0,-2.5,-0.0451,4.39,1.86
3,40,4000,10,17.565,0,-2.5,-0.0461,4.39,1.86
3,41,4100,10,17.315,0,-2.5,-0.0468,4.39,1.86
3,42,4200,10,17.065,0,-2.5,-0.0471,4.39,1.86
3,43,4300,10,16.815,0,-2.5,-0.0472,4.39,1.86
3,44,4400,10,16.565,0,-2.5,-0.0471,4.39,1.86
3,45,4500,10,16.315,0,-2.5,-0.0469,4.39,1.86
3,46,4600,10,16.065,0,-2.5,-0.0468,4.39,1.86
3,47,4700,10,15.815,0,-2.5,-0.0467,4.39,1.86
3,48,4800,10,15.565,0,-2.5,-0.0466,4.39,1.86
3,49,4900,10,15.315,0,-2.5,-0.0465,4.39,1.86
3,50,5000,10,15.065,0,-2.5,-0.0465,4.39,1.86
3,51,5100,10,14.815,0,-2.5,-0.0464,4.39,1.86
3,52,5200,10,14.565,0,-2.5,-0.0462,4.39,1.86
3,53,5300,10,14.315,0,-2.5,-0.0456,4.39,1.86
3,54,5400,10,14.065,0,-2.5,-0.0448,4.39,1.86
3,55,5500,10,13.815,0,-2.5,-0.0438,4.39,1.86
3,56,5600,10,13.565,0,-2.5,-0.0428,4.39,1.86
3,57,5700,10,13.315,0,-2.5,-0.0418,4.39,1.86
3,58,5800,10,13.065,0,-2.5,-0.0408,4.39,1.86
3,59,5900,10,12.815,0,-2.5,-0.04,4.39,1.86
3,60,6000,10,12.565,0,-2.5,-0.0394,4.39,1.86
3,61,6100,10,12.315,0,-2.5,-0.0391,4.39,1.86
3,62,6200,10,12.065,0,-2.5,-0.039,4.39,1.86
3,63,6300,10,11.815,0,-2.5,-0.0391,4.39,1.86
3,64,6400,10,11.565,0,-2.5,-0.0393,4.39,1.86
3,65,6500,10,11.315,0,-2.5,-0.0397,4.39,1.86
3,66,6600,10,11.065,0,-2.5,-0.0401,4.39,1.86
3,67,6700,10,10.815,0,-2.5,-0.0406,4.39,1.86
3,68,6800,10,10.565,0,-2.5,-0.0412,4.39,1.86
3,69,6900,10,10.315,0,-2.5,-0.0419,4.39,1.86
3,70,7000,10,10.065,0,-2.5,-0.0425,4.39,1.86
3,71,7100,10,9.815,0,-2.5,-0.0431,4.39,1.86
3,72,7200,10,9.565,0,-2.5,-0.0437,4.39,1.86
3,73,7300,10,9.315,0,-2.5,-0.0444,4.39,1.86
3,74,7400,10,9.065,0,-2.5,-0.045,4.39,1.86
3,75,7500,10,8.815,0,-2.5,-0.0457,4.39,1.86
3,76,7600,10,8.565,0,-2.5,-0.0465,4.39,1.86
3,77,7700,10,8.315,0,-2.5,-0.0476,4.39,1.86
3,78,7800,10,8.065,0,-2.5,-0.0489,4.39,1.86
3,79,7900,10,7.815,0,-2.5,-0.0503,4.39,1.86
3,80,8000,10,7.565,0,-2.5,-0.0521,4.39,1.86
3,81,8100,10,7.315,0,-2.5,-0.0541,4.39,1.86
3,82,8200,10,7.065,0,-2.5,-0.0567,4.39,1.86
3,83,8300,10,6.815,0,-2.5,-0.0598,4.39,1.86
3,84,8400,10,6.565,0,-2.5,-0.0636,4.39,1.86
3,85,8500,10,6.315,0,-2.5,-0.068,4.39,1.86
3,86,8600,10,6.065,0,-2.5,-0.0732,4.39,1.86
3,87,8700,10,5.815,0,-2.5,-0.0793,4.39,1.86
3,88,8800,10,5.565,0,-2.5,-0.0863,4.39,1.86
3,89,8900,10,5.315,0,-2.5,-0.0941,4.39,1.86
3,90,9000,10,5.065,0,-2.5,-0.1026,4.39,1.86
3,91,9100,10,4.815,0,-2.5,-0.1119,4.39,1.86
3,92,9200,10,4.565,0,-2.5,-0.1218,4.39,1.86
3,93,9300,10,4.315,0,-2.5,-0.1323,4.39,1.86
3,94,9400,10,4.065,0,-2.5,-0.1434,4.39,1.86
3,95,9500,10,3.815,0,-2.5,-0.1549,4.39,1.86
3,96,9600,10,3.565,0,-2.5,-0.1668,4.39,1.86
3,97,9700,10,3.315,0,-2.5,-0.179,4.39,1.86
3,98,9800,10,3.065,0,-2.5,-0.1914,4.39,1.86
3,99,9900,10,2.815,0,-2.5,-0.2041,4.39,1.86
3,100,10000,10,2.565,0,-2.5,-0.2169,4.39,1.86
3,101,10100,10,2.315,0,-2.5,-0.2299,4.39,1.86
3,102,10200,10,2.065,0,-2.5,-0.2429,4.39,1.86
3,103,10300,10,1.815,0,-2.5,-0.2562,4.39,1.86
3,104,10400,10,1.565,0,-2.5,-0.2696,4.39,1.86
3,105,10500,10,1.315,0,-2.5,-0.2833,4.39,1.86
3,106,10600,10,1.065,0,-2.5,-0.2971,4.39,1.86
3,107,10700,10,0.815,0,-2.5,-0.3112,4.39,1.86
3,108,10800,10,0.565,0,-2.5,-0.3255,4.39,1.86
3,109,10900,10,0.315,0,-2.5,-0.3401,4.39,1.86
3,110,11000,10,0.065,0,-2.5,-0.3549,4.39,1.86
3,111,11100,10,-0.185,0,-2.5,-0.3699,4.39,1.86
3,112,11200,10,-0.435,0,-2.5,-0.3849,4.39,1.86
3,113,11300,10,-0.685,0,-2.5,-0.3998,4.39,1.86
3,114,11400,10,-0.935,0,-2.5,-0.4145,4.39,1.86
3,115,11500,10,-1.185,0,-2.5,-0.429,4.39,1.86
3,116,11600,10,-1.435,0,-2.5,-0.4429,4.39,1.86
3,117,11700,10,-1.685,0,-2.5,-0.4562,4.39,1.86
3,118,11800,10,-1.935,0,-2.5,-0.4686,4.39,1.86
3,119,11900,10,-2.185,0,-2.5,-0.4803,4.39,1.86
3,120,12000,10,-2.435,0,-2.5,-0.4909,4.39,1.86
3,121,12100,10,-2.685,0,-2.5,-0.5005,4.39,1.86
3,122,12200,10,-2.935,0,-2.5,-0.5089,4.39,1.86
3,123,12300,10,-3.185,0,-2.5,-0.516,4.39,1.86
3,124,12400,10,-3.435,0,-2.5,-0.522,4.39,1.86
3,125,12500,10,-3.685,0,-2.5,-0.5269,4.39,1.86
3,126,12600,10,-3.935,0,-2.5,-0.5307,4.39,1.86
3,127,12700,10,-4.185,0,-2.5,-0.5337,4.39,1.86
3,128,12800,10,-4.435,0,-2.5,-0.5357,4.39,1.86
3,129,12900,10,-4.685,0,-2.5,-0.5369,4.39,1.86
3,130,13000,10,-4.935,0,-2.5,-0.5375,4.39,1.86
3,131,13100,10,-5.185,0,-2.5,-0.5377,4.39,1.86
3,132,13200,10,-5.435,0,-2.5,0.0646,4.63,1.78
3,133,13300,10,-5.685,0,-2.5,0.0651,4.63,1.78
3,134,13400,10,-5.935,0,-2.5,0.0655,4.63,1.78
3,135,13500,10,-6.185,0,-2.5,0.0659,4.63,1.78
3,136,13600,10,-6.435,0,-2.5,0.0662,4.63,1.78
3,137,13700,10,-6.685,0,-2.5,0.0663,4.63,1.78
3,138,13800,10,-6.935,0,-2.5,0.0663,4.63,1.78
3,139,13900,10,-7.185,0,-2.5,0.0661,4.63,1.78
3,140,14000,10,-7.435,0,-2.5,0.0658,4.63,1.78
3,141,14100,10,-7.685,0,-2.5,0.0654,4.63,1.78
3,142,14200,10,-7.935,0,-2.5,0.0647,4.63,1.78
3,143,14300,10,-8.185,0,-2.5,0.0638,4.63,1.78
3,144,14400,10,-8.435,0,-2.5,0.0628,4.63,1.78
3,145,14500,10,-8.685,0,-2.5,0.0616,4.63,1.78
3,146,14600,10,-8.935,0,-2.5,0.0604,4.63,1.78
3,147,14700,10,-9.185,0,-2.5,0.059,4.63,1.78
3,148,14800,10,-9.435,0,-2.5,0.0577,4.63,1.78
3,149,14900,10,-9.685,0,-2.5,0.0565,4.63,1.78
3,150,15000,10,-9.935,0,-2.5,0.0551,4.63,1.78
3,151,15100,10,-10.185,0,-2.5,0.0537,4.63,1.78
3,152,15200,10,-10.435,0,-2.5,0.0523,4.63,1.78
3,153,15300,10,-10.685,0,-2.5,0.051,4.63,1.78
3,154,15400,10,-10.935,0,-2.5,0.0496,4.63,1.78
3,155,15500,10,-11.185,0,-2.5,0.0481,4.63,1.78
3,156,15600,10,-11.435,0,-2.5,0.0465,4.63,1.78
3,157,15700,10,-11.685,0,-2.5,0.0449,4.63,1.78
3,158,15800,10,-11.935,0,-2.5,0.0434,4.63,1.78
3,159,15900,10,-12.185,0,-2.5,0.0422,4.63,1.78
3,160,16000,10,-12.435,0,-2.5,0.0412,4.63,1.78
3,161,16100,10,-12.685,0,-2.5,0.0404,4.63,1.78
3,162,16200,10,-12.935,0,-2.5,0.0399,4.63,1.78
3,163,16300,10,-13.185,0,-2.5,0.0396,4.63,1.78
3,164,16400,10,-13.435,0,-2.5,0.0393,4.63,1.78
3,165,16500,10,-13.685,0,-2.5,0.0388,4.63,1.78
3,166,16600,10,-13.935,0,-2.5,0.0379,4.63,1.78
3,167,16700,10,-14.185,0,-2.5,0.0366,4.63,1.78
3,168,16800,10,-14.435,0,-2.5,0.0349,4.63,1.78
3,169,16900,10,-14.685,0,-2.5,0.0329,4.63,1.78
3,170,17000,10,-14.935,0,-2.5,0.0308,4.63,1.78
3,171,17100,10,-15.185,0,-2.5,0.0284,4.63,1.78
3,172,17200,10,-15.435,0,-2.5,0.0258,4.63,1.78
3,173,17300,10,-15.685,0,-2.5,0.0228,4.63,1.78
3,174,17400,10,-15.935,0,-2.5,0.0195,4.63,1.78
3,175,17500,10,-16.185,0,-2.5,0.0157,4.63,1.78
3,176,17600,10,-16.435,0,-2.5,0.0113,4.63,1.78
3,177,17700,10,-16.685,0,-2.5,0.0064,4.63,1.78
3,178,17800,10,-16.935,0,-2.5,0.0011,4.63,1.78
3,179,17900,10,-17.185,0,-2.5,-0.0043,4.63,1.78
3,180,18000,10,-17.435,0,-2.5,-0.0097,4.63,1.78
3,181,18100,10,-17.685,0,-2.5,-0.0151,4.63,1.78
3,182,18200,10,-17.935,0,-2.5,-0.0203,4.63,1.78
3,183,18300,10,-18.185,0,-2.5,-0.0255,4.63,1.78
3,184,18400,10,-18.435,0,-2.5,-0.0303,4.63,1.78
3,185,18500,10,-18.685,0,-2.5,-0.0349,4.63,1.78
3,186,18600,10,-18.935,0,-2.5,-0.0394,4.63,1.78
3,187,18700,10,-19.185,0,-2.5,-0.0439,4.63,1.78
3,188,18800,10,-19.435,0,-2.5,-0.0485,4.63,1.78
3,189,18900,10,-19.685,0,-2.5,-0.053,4.63,1.78
3,190,19000,10,-19.935,0,-2.5,-0.0573,4.63,1.78
3,191,19100,10,-20.185,0,-2.5,-0.0612,4.63,1.78
3,192,19200,10,-20.435,0,-2.5,-0.0645,4.63,1.78
3,193,19300,10,-20.685,0,-2.5,-0.067,4.63,1.78
3,194,19400,10,-20.935,0,-2.5,-0.0686,4.63,1.78
3,195,19500,10,-21.185,0,-2.5,-0.0691,4.63,1.78
3,196,19600,10,-21.435,0,-2.5,-0.0686,4.63,1.78
3,197,19700,10,-21.685,0,-2.5,-0.0669,4.63,1.78
3,198,19800,10,-21.935,0,-2.5,-0.0641,4.63,1.78
3,199,19900,10,-22.185,0,-2.5,-0.0602,4.63,1.78
3,200,20000,10,-22.435,0,-2.5,-0.0551,4.63,1.78
3,201,20100,10,-22.685,0,-2.5,-0.0489,4.63,1.78
3,202,20200,10,-22.935,0,-2.5,-0.0416,4.63,1.78
3,203,20300,10,-23.185,0,-2.5,-0.0332,4.63,1.78
3,204,20400,10,-23.435,0,-2.5,-0.0236,4.63,1.78
3,205,20500,10,-23.685,0,-2.5,-0.0128,4.63,1.78
3,206,20600,10,-23.935,0,-2.5,-0.0008,4.63,1.78
3,207,20700,10,-24.185,0,-2.5,0.0124,4.63,1.78
3,208,20800,10,-24.435,0,-2.5,0.0267,4.63,1.78
3,209,20900,10,-24.685,0,-2.5,0.0421,4.63,1.78
3,210,21000,10,-24.935,0,-2.5,0.0588,4.63,1.78
3,211,21100,10,-25.185,0,-2.5,0.0767,4.63,1.78
3,212,21200,10,-25.435,0,-2.5,0.0958,4.63,1.78
3,213,21300,10,-25.685,0,-2.5,0.116,4.63,1.78
3,214,21400,10,-25.935,0,-2.5,0.1373,4.63,1.78
3,215,21500,10,-26.185,0,-2.5,0.1598,4.63,1.78
3,216,21600,10,-26.435,0,-2.5,0.1834,4.63,1.78
3,217,21700,10,-26.685,0,-2.5,0.2081,4.63,1.78
3,218,21800,10,-26.935,0,-2.5,0.2338,4.63,1.78
3,219,21900,10,-27.185,0,-2.5,0.2608,4.63,1.78
3,220,22000,10,-27.435,0,-2.5,0.2889,4.63,1.78
3,221,22100,10,-27.685,0,-2.5,0.3182,4.63,1.78
3,222,22200,10,-27.935,0,-2.5,0.3488,4.63,1.78
3,223,22300,10,-28.185,0,-2.5,0.3805,4.63,1.78
3,224,22400,10,-28.435,0,-2.5,0.4131,4.63,1.78
3,225,22500,10,-28.685,0,-2.5,0.4465,4.63,1.78
3,226,22600,10,-28.935,0,-2.5,0.4809,4.63,1.78
3,227,22700,10,-29.185,0,-2.5,0.5161,4.63,1.78
3,228,22800,10,-29.435,0,-2.5,0.552,4.63,1.78
3,229,22900,10,-29.685,0,-2.5,0.5885,4.63,1.78
3,230,23000,10,-29.935,0,-2.5,0.6254,4.63,1.78
3,231,23100,10,-30.185,0,-2.5,0.6625,4.63,1.78
3,232,23200,10,-30.435,0,-2.5,0.6996,4.63,1.78
3,233,23300,10,-30.685,0,-2.5,0.7365,4.63,1.78
3,234,23400,10,-30.935,0,-2.5,0.7729,4.63,1.78
3,235,23500,10,-31.185,0,-2.5,0.8087,4.63,1.78
3,236,23600,10,-31.435,0,-2.5,0.8435,4.63,1.78
3,237,23700,10,-31.685,0,-2.5,0.8773,4.63,1.78
3,238,23800,10,-31.935,0,-2.5,0.9099,4.63,1.78
3,239,23900,10,-32.185,0,-2.5,0.9413,4.63,1.78
4,0,0,10,37.565,0,-2.5,0.9712,4.63,1.78
4,1,100,10,37.315,0,-2.5,0.9995,4.63,1.78
4,2,200,10,37.065,0,-2.5,1.0259,4.63,1.78
4,3,300,10,36.815,0,-2.5,1.0503,4.63,1.78
4,4,400,10,36.565,0,-2.5,1.0726,4.63,1.78
4,5,500,10,36.315,0,-2.5,1.0926,4.63,1.78
4,6,600,10,36.065,0,-2.5,1.1105,4.63,1.78
4,7,700,10,35.815,0,-2.5,1.1261,4.63,1.78
4,8,800,10,35.565,0,-2.5,1.1396,4.63,1.78
4,9,900,10,35.315,0,-2.5,1.1508,4.63,1.78
4,10,1000,10,35.065,0,-2.5,1.1599,4.63,1.78
4,11,1100,10,34.815,0,-2.5,1.1668,4.63,1.78
4,12,1200,10,34.565,0,-2.5,1.1715,4.63,1.78
4,13,1300,10,34.315,0,-2.5,1.174,4.63,1.78
4,14,1400,10,34.065,0,-2.5,1.1745,4.63,1.78
4,15,1500,10,33.815,0,-2.5,1.1733,4.63,1.78
4,16,1600,10,33.565,0,-2.5,1.1704,4.63,1.78
4,17,1700,10,33.315,0,-2.5,1.1661,4.63,1.78
4,18,1800,10,33.065,0,-2.5,1.1607,4.63,1.78
4,19,1900,10,32.815,0,-2.5,1.1543,4.63,1.78
4,20,2000,10,32.565,0,-2.5,1.1472,4.63,1.78
4,21,2100,10,32.315,0,-2.5,1.1398,4.63,1.78
4,22,2200,10,32.065,0,-2.5,1.1322,4.63,1.78
4,23,2300,10,31.815,0,-2.5,1.1248,4.63,1.78
4,24,2400,10,31.565,0,-2.5,1.1179,4.63,1.78
4,25,2500,10,31.315,0,-2.5,1.1116,4.63,1.78
4,26,2600,10,31.065,0,-2.5,1.1059,4.63,1.78
4,27,2700,10,30.815,0,-2.5,1.101,4.63,1.78
4,28,2800,10,30.565,0,-2.5,1.097,4.63,1.78
4,29,2900,10,30.315,0,-2.5,1.0937,4.63,1.78
4,30,3000,10,30.065,0,-2.5,1.0912,4.63,1.78
4,31,3100,10,29.815,0,-2.5,1.0893,4.63,1.78
4,32,3200,10,29.565,0,-2.5,1.0879,4.63,1.78
4,33,3300,10,29.315,0,-2.5,1.087,4.63,1.78
4,34,3400,10,29.065,0,-2.5,1.0865,4.63,1.78
4,35,3500,10,28.815,0,-2.5,1.0864,4.63,1.78
4,36,3600,10,28.565,0,-2.5,1.0864,4.63,1.78
4,37,3700,10,28.315,0,-2.5,1.0864,4.63,1.78
4,38,3800,10,28.065,0,-2.5,3.1025,5.66,1.91
4,39,3900,10,27.815,0,-2.5,3.0951,5.66,1.91
4,40,4000,10,27.565,0,-2.5,3.0876,5.66,1.91
4,41,4100,10,27.315,0,-2.5,3.0797,5.66,1.91
4,42,4200,10,27.065,0,-2.5,3.0714,5.66,1.91
4,43,4300,10,26.815,0,-2.5,3.0626,5.66,1.91
4,44,4400,10,26.565,0,-2.5,3.0534,5.66,1.91
4,45,4500,10,26.315,0,-2.5,3.044,5.66,1.91
4,46,4600,10,26.065,0,-2.5,3.0344,5.66,1.91
4,47,4700,10,25.815,0,-2.5,3.0249,5.66,1.91
4,48,4800,10,25.565,0,-2.5,3.0156,5.66,1.91
4,49,4900,10,25.315,0,-2.5,3.0067,5.66,1.91
4,50,5000,10,25.065,0,-2.5,2.9985,5.66,1.91
4,51,5100,10,24.815,0,-2.5,2.9912,5.66,1.91
4,52,5200,10,24.565,0,-2.5,2.9849,5.66,1.91
4,53,5300,10,24.315,0,-2.5,2.9798,5.66,1.91
4,54,5400,10,24.065,0,-2.5,2.976,5.66,1.91
4,55,5500,10,23.815,0,-2.5,2.9737,5.66,1.91
4,56,5600,10,23.565,0,-2.5,2.973,5.66,1.91
4,57,5700,10,23.315,0,-2.5,2.9742,5.66,1.91
4,58,5800,10,23.065,0,-2.5,2.9773,5.66,1.91
4,59,5900,10,22.815,0,-2.5,2.9824,5.66,1.91
4,60,6000,10,22.565,0,-2.5,2.9895,5.66,1.91
4,61,6100,10,22.315,0,-2.5,2.9987,5.66,1.91
4,62,6200,10,22.065,0,-2.5,3.0101,5.66,1.91
4,63,6300,10,21.815,0,-2.5,3.0235,5.66,1.91
4,64,6400,10,21.565,0,-2.5,3.039,5.66,1.91
4,65,6500,10,21.315,0,-2.5,3.0565,5.66,1.91
4,66,6600,10,21.065,0,-2.5,3.0762,5.66,1.91
4,67,6700,10,20.815,0,-2.5,3.0978,5.66,1.91
4,68,6800,10,20.565,0,-2.5,3.1215,5.66,1.91
4,69,6900,10,20.315,0,-2.5,-3.1361,5.66,1.91
4,70,7000,10,20.065,0,-2.5,-3.1088,5.66,1.91
4,71,7100,10,19.815,0,-2.5,-3.08,5.66,1.91
4,72,7200,10,19.565,0,-2.5,-3.05,5.66,1.91
4,73,7300,10,19.315,0,-2.5,-3.0191,5.66,1.91
4,74,7400,10,19.065,0,-2.5,-2.9875,5.66,1.91
4,75,7500,10,18.815,0,-2.5,-2.9555,5.66,1.91
4,76,7600,10,18.565,0,-2.5,-2.9232,5.66,1.91
4,77,7700,10,18.315,0,-2.5,-2.8909,5.66,1.91
4,78,7800,10,18.065,0,-2.5,-2.8588,5.66,1.91
4,79,7900,10,17.815,0,-2.5,-2.8273,5.66,1.91
4,80,8000,10,17.565,0,-2.5,-2.7966,5.66,1.91
4,81,8100,10,17.315,0,-2.5,-2.7672,5.66,1.91
4,82,8200,10,17.065,0,-2.5,-2.7394,5.66,1.91
4,83,8300,10,16.815,0,-2.5,-2.7134,5.66,1.91
4,84,8400,10,16.565,0,-2.5,-2.6895,5.66,1.91
4,85,8500,10,16.315,0,-2.5,-2.6679,5.66,1.91
4,86,8600,10,16.065,0,-2.5,-2.6488,5.66,1.91
4,87,8700,10,15.815,0,-2.5,-2.6324,5.66,1.91
4,88,8800,10,15.565,0,-2.5,-2.6187,5.66,1.91
4,89,8900,10,15.315,0,-2.5,-2.608,5.66,1.91
4,90,9000,10,15.065,0,-2.5,-2.6,5.66,1.91
4,91,9100,10,14.815,0,-2.5,-2.595,5.66,1.91
4,92,9200,10,14.565,0,-2.5,-2.5928,5.66,1.91
4,93,9300,10,14.315,0,-2.5,-2.5935,5.66,1.91
4,94,9400,10,14.065,0,-2.5,-2.5967,5.66,1.91
4,95,9500,10,13.815,0,-2.5,-2.6024,5.66,1.91
4,96,9600,10,13.565,0,-2.5,-2.6103,5.66,1.91
4,97,9700,10,13.315,0,-2.5,-2.6202,5.66,1.91
4,98,9800,10,13.065,0,-2.5,-2.632,5.66,1.91
4,99,9900,10,12.815,0,-2.5,-2.6454,5.66,1.91
4,100,10000,10,12.565,0,-2.5,-2.66,5.66,1.91
4,101,10100,10,12.315,0,-2.5,-2.6756,5.66,1.91
4,102,10200,10,12.065,0,-2.5,-2.692,5.66,1.91
4,103,10300,10,11.815,0,-2.5,-2.7089,5.66,1.91
4,104,10400,10,11.565,0,-2.5,-2.7262,5.66,1.91
4,105,10500,10,11.315,0,-2.5,-2.7436,5.66,1.91
4,106,10600,10,11.065,0,-2.5,-2.761,5.66,1.91
4,107,10700,10,10.815,0,-2.5,-2.7783,5.66,1.91
4,108,10800,10,10.565,0,-2.5,-2.7953,5.66,1.91
4,109,10900,10,10.315,0,-2.5,-2.8119,5.66,1.91
4,110,11000,10,10.065,0,-2.5,-2.8281,5.66,1.91
4,111,11100,10,9.815,0,-2.5,-2.8438,5.66,1.91
4,112,11200,10,9.565,0,-2.5,-2.8591,5.66,1.91
4,113,11300,10,9.315,0,-2.5,-2.8738,5.66,1.91
4,114,11400,10,9.065,0,-2.5,-2.8879,5.66,1.91
4,115,11500,10,8.815,0,-2.5,-2.9015,5.66,1.91
4,116,11600,10,8.565,0,-2.5,-2.9143,5.66,1.91
4,117,11700,10,8.315,0,-2.5,-2.9263,5.66,1.91
4,118,11800,10,8.065,0,-2.5,-2.9374,5.66,1.91
4,119,11900,10,7.815,0,-2.5,-2.9476,5.66,1.91
4,120,12000,10,7.565,0,-2.5,-2.9567,5.66,1.91
4,121,12100,10,7.315,0,-2.5,-2.9648,5.66,1.91
4,122,12200,10,7.065,0,-2.5,-2.9717,5.66,1.91
4,123,12300,10,6.815,0,-2.5,-2.9775,5.66,1.91
4,124,12400,10,6.565,0,-2.5,-2.9821,5.66,1.91
4,125,12500,10,6.315,0,-2.5,-2.9855,5.66,1.91
4,126,12600,10,6.065,0,-2.5,-2.9877,5.66,1.91
4,127,12700,10,5.815,0,-2.5,-2.989,5.66,1.91
4,128,12800,10,5.565,0,-2.5,-2.9895,5.66,1.91
4,129,12900,10,5.315,0,-2.5,-2.9897,5.66,1.91
4,130,13000,10,5.065,0,-2.5,2.1805,4.72,1.83
4,131,13100,10,4.815,0,-2.5,2.178,4.72,1.83
4,132,13200,10,4.565,0,-2.5,2.1752,4.72,1.83
4,133,13300,10,4.315,0,-2.5,2.1717,4.72,1.83
4,134,13400,10,4.065,0,-2.5,2.1674,4.72,1.83
4,135,13500,10,3.815,0,-2.5,2.1624,4.72,1.83
4,136,13600,10,3.565,0,-2.5,2.1568,4.72,1.83
4,137,13700,10,3.315,0,-2.5,2.1506,4.72,1.83
4,138,13800,10,3.065,0,-2.5,2.1442,4.72,1.83
4,139,13900,10,2.815,0,-2.5,2.1374,4.72,1.83
4,140,14000,10,2.565,0,-2.5,2.1302,4.72,1.83
4,141,14100,10,2.315,0,-2.5,2.1222,4.72,1.83
4,142,14200,10,2.065,0,-2.5,2.1133,4.72,1.83
4,143,14300,10,1.815,0,-2.5,2.1039,4.72,1.83
4,144,14400,10,1.565,0,-2.5,2.094,4.72,1.83
4,145,14500,10,1.315,0,-2.5,2.0836,4.72,1.83
4,146,14600,10,1.065,0,-2.5,2.0734,4.72,1.83
4,147,14700,10,0.815,0,-2.5,2.0632,4.72,1.83
4,148,14800,10,0.565,0,-2.5,2.0531,4.72,1.83
4,149,14900,10,0.315,0,-2.5,2.0427,4.72,1.83
4,150,15000,10,0.065,0,-2.5,2.0991,4.72,1.83
4,151,15100,10,-0.185,0,-2.5,2.0992,4.72,1.83
4,152,15200,10,-0.435,0,-2.5,2.0978,4.72,1.83
4,153,15300,10,-0.685,0,-2.5,2.0978,4.72,1.83
4,154,15400,10,-0.935,0,-2.5,2.0978,4.72,1.83
4,155,15500,10,-1.185,0,-2.5,2.0978,4.72,1.83
4,156,15600,10,-1.435,0,-2.5,2.0978,4.72,1.83
4,157,15700,10,-1.685,0,-2.5,2.0978,4.72,1.83
4,158,15800,10,-1.935,0,-2.5,2.0978,4.72,1.83
4,159,15900,10,-2.185,0,-2.5,2.0978,4.72,1.83
4,160,16000,10,-2.435,0,-2.5,2.0978,4.72,1.83
4,161,16100,10,-2.685,0,-2.5,2.0978,4.72,1.83
4,162,16200,10,-2.935,0,-2.5,2.0978,4.72,1.83
4,163,16300,10,-3.185,0,-2.5,2.0978,4.72,1.83
4,164,16400,10,-3.435,0,-2.5,2.0978,4.72,1.83
4,165,16500,10,-3.685,0,-2.5,2.0978,4.72,1.83
4,166,16600,10,-3.935,0,-2.5,2.0978,4.72,1.83
4,167,16700,10,-4.185,0,-2.5,2.0978,4.72,1.83
4,168,16800,10,-4.435,0,-2.5,2.0978,4.72,1.83
4,169,16900,10,-4.685,0,-2.5,2.0978,4.72,1.83
4,170,17000,10,-4.935,0,-2.5,2.0978,4.72,1.83
4,171,17100,10,-5.185,0,-2.5,2.0978,4.72,1.83
4,172,17200,10,-5.435,0,-2.5,2.0978,4.72,1.83
4,173,17300,10,-5.685,0,-2.5,2.0978,4.72,1.83
4,174,17400,10,-5.935,0,-2.5,2.0978,4.72,1.83
4,175,17500,10,-6.185,0,-2.5,2.0978,4.72,1.83
4,176,17600,10,-6.435,0,-2.5,2.0978,4.72,1.83
4,177,17700,10,-6.685,0,-2.5,2.093,4.72,1.83
4,178,17800,10,-6.935,0,-2.5,2.0874,4.72,1.83
4,179,17900,10,-7.185,0,-2.5,2.0817,4.72,1.83
4,180,18000,10,-7.435,0,-2.5,2.0785,4.72,1.83
4,181,18100,10,-7.685,0,-2.5,2.0953,4.72,1.83
4,182,18200,10,-7.935,0,-2.5,2.0871,4.72,1.83
4,183,18300,10,-8.185,0,-2.5,2.0927,4.72,1.83
4,184,18400,10,-8.435,0,-2.5,2.0927,4.72,1.83
4,185,18500,10,-8.685,0,-2.5,2.0759,4.72,1.83
4,186,18600,10,-8.935,0,-2.5,2.0896,4.72,1.83
4,187,18700,10,-9.185,0,-2.5,2.0733,4.72,1.83
4,188,18800,10,-9.435,0,-2.5,2.0926,4.72,1.83
4,189,18900,10,-9.685,0,-2.5,2.0845,4.72,1.83
4,190,19000,10,-9.935,0,-2.5,2.0952,4.72,1.83
4,191,19100,10,-10.185,0,-2.5,2.0981,4.72,1.83
4,192,19200,10,-10.435,0,-2.5,2.1122,4.72,1.83
4,193,19300,10,-10.685,0,-2.5,2.1095,4.72,1.83
4,194,19400,10,-10.935,0,-2.5,2.1073,4.72,1.83
4,195,19500,10,-11.185,0,-2.5,2.1057,4.72,1.83
4,196,19600,10,-11.435,0,-2.5,2.1051,4.72,1.83
4,197,19700,10,-11.685,0,-2.5,2.1056,4.72,1.83
4,198,19800,10,-11.935,0,-2.5,2.107,4.72,1.83
4,199,19900,10,-12.185,0,-2.5,2.1084,4.72,1.83
4,200,20000,10,-12.435,0,-2.5,2.1094,4.72,1.83
4,201,20100,10,-12.685,0,-2.5,2.109,4.72,1.83
4,202,20200,10,-12.935,0,-2.5,2.1071,4.72,1.83
4,203,20300,10,-13.185,0,-2.5,2.1036,4.72,1.83
4,204,20400,10,-13.435,0,-2.5,2.0986,4.72,1.83
4,205,20500,10,-13.685,0,-2.5,2.0929,4.72,1.83
4,206,20600,10,-13.935,0,-2.5,2.0867,4.72,1.83
4,207,20700,10,-14.185,0,-2.5,2.0802,4.72,1.83
4,208,20800,10,-14.435,0,-2.5,2.0732,4.72,1.83
4,209,20900,10,-14.685,0,-2.5,2.0656,4.72,1.83
4,210,21000,10,-14.935,0,-2.5,2.0572,4.72,1.83
4,211,21100,10,-15.185,0,-2.5,2.0478,4.72,1.83
4,212,21200,10,-15.435,0,-2.5,2.0372,4.72,1.83
4,213,21300,10,-15.685,0,-2.5,2.0256,4.72,1.83
4,214,21400,10,-15.935,0,-2.5,2.0132,4.72,1.83
4,215,21500,10,-16.185,0,-2.5,2.0002,4.72,1.83
4,216,21600,10,-16.435,0,-2.5,1.9864,4.72,1.83
4,217,21700,10,-16.685,0,-2.5,1.9719,4.72,1.83
4,218,21800,10,-16.935,0,-2.5,1.9567,4.72,1.83
4,219,21900,10,-17.185,0,-2.5,1.9406,4.72,1.83
4,220,22000,10,-17.435,0,-2.5,1.9237,4.72,1.83
4,221,22100,10,-17.685,0,-2.5,1.906,4.72,1.83
4,222,22200,10,-17.935,0,-2.5,1.8876,4.72,1.83
4,223,22300,10,-18.185,0,-2.5,1.869,4.72,1.83
4,224,22400,10,-18.435,0,-2.5,1.8503,4.72,1.83
4,225,22500,10,-18.685,0,-2.5,1.8319,4.72,1.83
4,226,22600,10,-18.935,0,-2.5,1.8139,4.72,1.83
4,227,22700,10,-19.185,0,-2.5,1.7965,4.72,1.83
4,228,22800,10,-19.435,0,-2.5,1.78,4.72,1.83
4,229,22900,10,-19.685,0,-2.5,1.7645,4.72,1.83
4,230,23000,10,-19.935,0,-2.5,1.75,4.72,1.83
4,231,23100,10,-20.185,0,-2.5,1.7366,4.72,1.83
4,232,23200,10,-20.435,0,-2.5,1.724,4.72,1.83
4,233,23300,10,-20.685,0,-2.5,1.7125,4.72,1.83
4,234,23400,10,-20.935,0,-2.5,1.7023,4.72,1.83
4,235,23500,10,-21.185,0,-2.5,1.6934,4.72,1.83
4,236,23600,10,-21.435,0,-2.5,1.6858,4.72,1.83
4,237,23700,10,-21.685,0,-2.5,1.6795,4.72,1.83
4,238,23800,10,-21.935,0,-2.5,1.6744,4.72,1.83
4,239,23900,10,-22.185,0,-2.5,1.6709,4.72,1.83
5,0,0,10,47.565,0,-2.5,1.6689,4.72,1.83
5,1,100,10,47.315,0,-2.5,1.6686,4.72,1.83
5,2,200,10,47.065,0,-2.5,1.6699,4.72,1.83
5,3,300,10,46.815,0,-2.5,1.6729,4.72,1.83
5,4,400,10,46.565,0,-2.5,1.6775,4.72,1.83
5,5,500,10,46.315,0,-2.5,1.6836,4.72,1.83
5,6,600,10,46.065,0,-2.5,1.6913,4.72,1.83
5,7,700,10,45.815,0,-2.5,1.7007,4.72,1.83
5,8,800,10,45.565,0,-2.5,1.7119,4.72,1.83
5,9,900,10,45.315,0,-2.5,1.725,4.72,1.83
5,10,1000,10,45.065,0,-2.5,1.7398,4.72,1.83
5,11,1100,10,44.815,0,-2.5,1.7563,4.72,1.83
5,12,1200,10,44.565,0,-2.5,1.7746,4.72,1.83
5,13,1300,10,44.315,0,-2.5,1.7947,4.72,1.83
5,14,1400,10,44.065,0,-2.5,1.8164,4.72,1.83
5,15,1500,10,43.815,0,-2.5,1.8396,4.72,1.83
5,16,1600,10,43.565,0,-2.5,1.8644,4.72,1.83
5,17,1700,10,43.315,0,-2.5,1.8904,4.72,1.83
5,18,1800,10,43.065,0,-2.5,1.9176,4.72,1.83
5,19,1900,10,42.815,0,-2.5,1.9458,4.72,1.83
5,20,2000,10,42.565,0,-2.5,1.975,4.72,1.83
5,21,2100,10,42.315,0,-2.5,2.0052,4.72,1.83
5,22,2200,10,42.065,0,-2.5,2.0364,4.72,1.83
5,23,2300,10,41.815,0,-2.5,2.0687,4.72,1.83
5,24,2400,10,41.565,0,-2.5,2.102,4.72,1.83
5,25,2500,10,41.315,0,-2.5,2.1364,4.72,1.83
5,26,2600,10,41.065,0,-2.5,2.1719,4.72,1.83
5,27,2700,10,40.815,0,-2.5,2.2085,4.72,1.83
5,28,2800,10,40.565,0,-2.5,2.2461,4.72,1.83
5,29,2900,10,40.315,0,-2.5,2.2847,4.72,1.83
5,30,3000,10,40.065,0,-2.5,2.324,4.72,1.83
5,31,3100,10,39.815,0,-2.5,2.3641,4.72,1.83
5,32,3200,10,39.565,0,-2.5,2.4049,4.72,1.83
5,33,3300,10,39.315,0,-2.5,2.4461,4.72,1.83
5,34,3400,10,39.065,0,-2.5,2.4878,4.72,1.83
5,35,3500,10,38.815,0,-2.5,2.5299,4.72,1.83
5,36,3600,10,38.565,0,-2.5,2.5724,4.72,1.83
5,37,3700,10,38.315,0,-2.5,2.6151,4.72,1.83
5,38,3800,10,38.065,0,-2.5,2.6579,4.72,1.83
5,39,3900,10,37.815,0,-2.5,2.7009,4.72,1.83
5,40,4000,10,37.565,0,-2.5,2.7441,4.72,1.83
5,41,4100,10,37.315,0,-2.5,2.7875,4.72,1.83
5,42,4200,10,37.065,0,-2.5,2.8311,4.72,1.83
5,43,4300,10,36.815,0,-2.5,2.8749,4.72,1.83
5,44,4400,10,36.565,0,-2.5,2.919,4.72,1.83
5,45,4500,10,36.315,0,-2.5,2.9634,4.72,1.83
5,46,4600,10,36.065,0,-2.5,3.0079,4.72,1.83
5,47,4700,10,35.815,0,-2.5,3.0527,4.72,1.83
5,48,4800,10,35.565,0,-2.5,3.0976,4.72,1.83
5,49,4900,10,35.315,0,-2.5,-3.1409,4.72,1.83
5,50,5000,10,35.065,0,-2.5,-3.0965,4.72,1.83
5,51,5100,10,34.815,0,-2.5,-3.0526,4.72,1.83
5,52,5200,10,34.565,0,-2.5,-3.0093,4.72,1.83
5,53,5300,10,34.315,0,-2.5,-2.9667,4.72,1.83
5,54,5400,10,34.065,0,-2.5,-2.925,4.72,1.83
5,55,5500,10,33.815,0,-2.5,-2.8841,4.72,1.83
5,56,5600,10,33.565,0,-2.5,-2.8444,4.72,1.83
5,57,5700,10,33.315,0,-2.5,-2.8062,4.72,1.83
5,58,5800,10,33.065,0,-2.5,-2.7697,4.72,1.83
5,59,5900,10,32.815,0,-2.5,-2.7352,4.72,1.83
5,60,6000,10,32.565,0,-2.5,-2.7031,4.72,1.83
5,61,6100,10,32.315,0,-2.5,-2.6735,4.72,1.83
5,62,6200,10,32.065,0,-2.5,-2.6466,4.72,1.83
5,63,6300,10,31.815,0,-2.5,-2.6224,4.72,1.83
5,64,6400,10,31.565,0,-2.5,-2.601,4.72,1.83
5,65,6500,10,31.315,0,-2.5,-2.5823,4.72,1.83
5,66,6600,10,31.065,0,-2.5,-2.5663,4.72,1.83
5,67,6700,10,30.815,0,-2.5,-2.553,4.72,1.83
5,68,6800,10,30.565,0,-2.5,-2.5422,4.72,1.83
5,69,6900,10,30.315,0,-2.5,-2.5339,4.72,1.83
5,70,7000,10,30.065,0,-2.5,-2.5278,4.72,1.83
5,71,7100,10,29.815,0,-2.5,-2.5239,4.72,1.83
5,72,7200,10,29.565,0,-2.5,-2.5221,4.72,1.83
5,73,7300,10,29.315,0,-2.5,-2.5225,4.72,1.83
5,74,7400,10,29.065,0,-2.5,-2.5248,4.72,1.83
5,75,7500,10,28.815,0,-2.5,-2.5289,4.72,1.83
5,76,7600,10,28.565,0,-2.5,-2.5348,4.72,1.83
5,77,7700,10,28.315,0,-2.5,-2.5421,4.72,1.83
5,78,7800,10,28.065,0,-2.5,-2.5509,4.72,1.83
5,79,7900,10,27.815,0,-2.5,-2.561,4.72,1.83
5,80,8000,10,27.565,0,-2.5,-2.5723,4.72,1.83
5,81,8100,10,27.315,0,-2.5,-2.5847,4.72,1.83
5,82,8200,10,27.065,0,-2.5,-2.5982,4.72,1.83
5,83,8300,10,26.815,0,-2.5,-2.6125,4.72,1.83
5,84,8400,10,26.565,0,-2.5,-2.6276,4.72,1.83
5,85,8500,10,26.315,0,-2.5,-2.6433,4.72,1.83
5,86,8600,10,26.065,0,-2.5,-2.6596,4.72,1.83
5,87,8700,10,25.815,0,-2.5,-2.6766,4.72,1.83
5,88,8800,10,25.565,0,-2.5,-2.694,4.72,1.83
5,89,8900,10,25.315,0,-2.5,-2.7118,4.72,1.83
5,90,9000,10,25.065,0,-2.5,-2.7299,4.72,1.83
5,91,9100,10,24.815,0,-2.5,-2.7481,4.72,1.83
5,92,9200,10,24.565,0,-2.5,-2.7663,4.72,1.83
5,93,9300,10,24.315,0,-2.5,-2.7844,4.72,1.83
5,94,9400,10,24.065,0,-2.5,-2.8023,4.72,1.83
5,95,9500,10,23.815,0,-2.5,-2.8199,4.72,1.83
5,96,9600,10,23.565,0,-2.5,-2.8372,4.72,1.83
5,97,9700,10,23.315,0,-2.5,-2.854,4.72,1.83
5,98,9800,10,23.065,0,-2.5,-2.8703,4.72,1.83
5,99,9900,10,22.815,0,-2.5,-2.8861,4.72,1.83
5,100,10000,10,22.565,0,-2.5,-2.9013,4.72,1.83
5,101,10100,10,22.315,0,-2.5,-2.9159,4.72,1.83
5,102,10200,10,22.065,0,-2.5,-2.9297,4.72,1.83
5,103,10300,10,21.815,0,-2.5,-2.9425,4.72,1.83
5,104,10400,10,21.565,0,-2.5,-2.9542,4.72,1.83
5,105,10500,10,21.315,0,-2.5,-2.9647,4.72,1.83
5,106,10600,10,21.065,0,-2.5,-2.974,4.72,1.83
5,107,10700,10,20.815,0,-2.5,-2.982,4.72,1.83
5,108,10800,10,20.565,0,-2.5,-2.9887,4.72,1.83
5,109,10900,10,20.315,0,-2.5,-2.9941,4.72,1.83
5,110,11000,10,20.065,0,-2.5,-2.9981,4.72,1.83
5,111,11100,10,19.815,0,-2.5,-3.0009,4.72,1.83
5,112,11200,10,19.565,0,-2.5,-3.0025,4.72,1.83
5,113,11300,10,19.315,0,-2.5,-3.0033,4.72,1.83
5,114,11400,10,19.065,0,-2.5,-3.0035,4.72,1.83
5,115,11500,10,18.815,0,-2.5,2.5654,4.57,1.78
5,116,11600,10,18.565,0,-2.5,2.5626,4.57,1.78
5,117,11700,10,18.315,0,-2.5,2.5595,4.57,1.78
5,118,11800,10,18.065,0,-2.5,2.5563,4.57,1.78
5,119,11900,10,17.815,0,-2.5,2.553,4.57,1.78
5,120,12000,10,17.565,0,-2.5,2.5498,4.57,1.78
5,121,12100,10,17.315,0,-2.5,2.5467,4.57,1.78
5,122,12200,10,17.065,0,-2.5,2.5438,4.57,1.78
5,123,12300,10,16.815,0,-2.5,2.5412,4.57,1.78
5,124,12400,10,16.565,0,-2.5,2.5389,4.57,1.78
5,125,12500,10,16.315,0,-2.5,2.537,4.57,1.78
5,126,12600,10,16.065,0,-2.5,2.5354,4.57,1.78
5,127,12700,10,15.815,0,-2.5,2.5341,4.57,1.78
5,128,12800,10,15.565,0,-2.5,2.533,4.57,1.78
5,129,12900,10,15.315,0,-2.5,2.5318,4.57,1.78
5,130,13000,10,15.065,0,-2.5,2.5308,4.57,1.78
5,131,13100,10,14.815,0,-2.5,2.5299,4.57,1.78
5,132,13200,10,14.565,0,-2.5,2.5291,4.57,1.78
5,133,13300,10,14.315,0,-2.5,2.528,4.57,1.78
5,134,13400,10,14.065,0,-2.5,2.5264,4.57,1.78
5,135,13500,10,13.815,0,-2.5,2.5242,4.57,1.78
5,136,13600,10,13.565,0,-2.5,2.5212,4.57,1.78
5,137,13700,10,13.315,0,-2.5,2.5174,4.57,1.78
5,138,13800,10,13.065,0,-2.5,2.5126,4.57,1.78
5,139,13900,10,12.815,0,-2.5,2.5069,4.57,1.78
5,140,14000,10,12.565,0,-2.5,2.5004,4.57,1.78
5,141,14100,10,12.315,0,-2.5,2.4939,4.57,1.78
5,142,14200,10,12.065,0,-2.5,2.4878,4.57,1.78
5,143,14300,10,11.815,0,-2.5,2.4825,4.57,1.78
5,144,14400,10,11.565,0,-2.5,2.4785,4.57,1.78
5,145,14500,10,11.315,0,-2.5,2.4761,4.57,1.78
5,146,14600,10,11.065,0,-2.5,2.4758,4.57,1.78
5,147,14700,10,10.815,0,-2.5,2.4776,4.57,1.78
5,148,14800,10,10.565,0,-2.5,2.4822,4.57,1.78
5,149,14900,10,10.315,0,-2.5,2.4903,4.57,1.78
5,150,15000,10,10.065,0,-2.5,2.5014,4.57,1.78
5,151,15100,10,9.815,0,-2.5,2.5138,4.57,1.78
5,152,15200,10,9.565,0,-2.5,2.5255,4.57,1.78
5,153,15300,10,9.315,0,-2.5,2.5352,4.57,1.78
5,154,15400,10,9.065,0,-2.5,2.5417,4.57,1.78
5,155,15500,10,8.815,0,-2.5,2.5439,4.57,1.78
5,156,15600,10,8.565,0,-2.5,2.4984,4.57,1.78
5,157,15700,10,8.315,0,-2.5,2.5213,4.57,1.78
5,158,15800,10,8.065,0,-2.5,2.5304,4.57,1.78
5,159,15900,10,7.815,0,-2.5,2.5346,4.57,1.78
5,160,16000,10,7.565,0,-2.5,2.517,4.57,1.78
5,161,16100,10,7.315,0,-2.5,2.517,4.57,1.78
5,162,16200,10,7.065,0,-2.5,2.517,4.57,1.78
5,163,16300,10,6.815,0,-2.5,2.517,4.57,1.78
5,164,16400,10,6.565,0,-2.5,2.517,4.57,1.78
5,165,16500,10,6.315,0,-2.5,2.517,4.57,1.78
5,166,16600,10,6.065,0,-2.5,2.517,4.57,1.78
5,167,16700,10,5.815,0,-2.5,2.517,4.57,1.78
5,168,16800,10,5.565,0,-2.5,2.5216,4.57,1.78
5,169,16900,10,5.315,0,-2.5,2.5078,4.57,1.78
5,170,17000,10,5.065,0,-2.5,2.5078,4.57,1.78
5,171,17100,10,4.815,0,-2.5,2.5257,4.57,1.78
5,172,17200,10,4.565,0,-2.5,2.5084,4.57,1.78
5,173,17300,10,4.315,0,-2.5,2.5222,4.57,1.78
5,174,17400,10,4.065,0,-2.5,2.5134,4.57,1.78
5,175,17500,10,3.815,0,-2.5,2.5089,4.57,1.78
5,176,17600,10,3.565,0,-2.5,2.5027,4.57,1.78
5,177,17700,10,3.315,0,-2.5,2.5114,4.57,1.78
5,178,17800,10,3.065,0,-2.5,2.5114,4.57,1.78
5,179,17900,10,2.815,0,-2.5,2.5199,4.57,1.78
5,180,18000,10,2.565,0,-2.5,2.5065,4.57,1.78
5,181,18100,10,2.315,0,-2.5,2.5101,4.57,1.78
5,182,18200,10,2.065,0,-2.5,2.5108,4.57,1.78
5,183,18300,10,1.815,0,-2.5,2.5009,4.57,1.78
5,184,18400,10,1.565,0,-2.5,2.5228,4.57,1.78
5,185,18500,10,1.315,0,-2.5,2.5228,4.57,1.78
5,186,18600,10,1.065,0,-2.5,2.5228,4.57,1.78
5,187,18700,10,0.815,0,-2.5,2.5228,4.57,1.78
5,188,18800,10,0.565,0,-2.5,2.5228,4.57,1.78
5,189,18900,10,0.315,0,-2.5,2.5228,4.57,1.78
5,190,19000,10,0.065,0,-2.5,2.5228,4.57,1.78
5,191,19100,10,-0.185,0,-2.5,2.5228,4.57,1.78
5,192,19200,10,-0.435,0,-2.5,2.5228,4.57,1.78
5,193,19300,10,-0.685,0,-2.5,2.5228,4.57,1.78
5,194,19400,10,-0.935,0,-2.5,2.5228,4.57,1.78
5,195,19500,10,-1.185,0,-2.5,2.5228,4.57,1.78
5,196,19600,10,-1.435,0,-2.5,2.5228,4.57,1.78
5,197,19700,10,-1.685,0,-2.5,2.5228,4.57,1.78
5,198,19800,10,-1.935,0,-2.5,2.5228,4.57,1.78
5,199,19900,10,-2.185,0,-2.5,2.5228,4.57,1.78
5,200,20000,10,-2.435,0,-2.5,2.5228,4.57,1.78
5,201,20100,10,-2.685,0,-2.5,2.5228,4.57,1.78
5,202,20200,10,-2.935,0,-2.5,2.5228,4.57,1.78
5,203,20300,10,-3.185,0,-2.5,2.5228,4.57,1.78
5,204,20400,10,-3.435,0,-2.5,2.5228,4.57,1.78
5,205,20500,10,-3.685,0,-2.5,2.5096,4.57,1.78
5,206,20600,10,-3.935,0,-2.5,2.5269,4.57,1.78
5,207,20700,10,-4.185,0,-2.5,2.5284,4.57,1.78
5,208,20800,10,-4.435,0,-2.5,2.5136,4.57,1.78
5,209,20900,10,-4.685,0,-2.5,2.5366,4.57,1.78
5,210,21000,10,-4.935,0,-2.5,2.5226,4.57,1.78
5,211,21100,10,-5.185,0,-2.5,2.5282,4.57,1.78
5,212,21200,10,-5.435,0,-2.5,2.5141,4.57,1.78
5,213,21300,10,-5.685,0,-2.5,2.5116,4.57,1.78
5,214,21400,10,-5.935,0,-2.5,2.5208,4.57,1.78
5,215,21500,10,-6.185,0,-2.5,2.5269,4.57,1.78
5,216,21600,10,-6.435,0,-2.5,2.5309,4.57,1.78
5,217,21700,10,-6.685,0,-2.5,2.5332,4.57,1.78
5,218,21800,10,-6.935,0,-2.5,2.5337,4.57,1.78
5,219,21900,10,-7.185,0,-2.5,2.5322,4.57,1.78
5,220,22000,10,-7.435,0,-2.5,2.5282,4.57,1.78
5,221,22100,10,-7.685,0,-2.5,2.522,4.57,1.78
5,222,22200,10,-7.935,0,-2.5,2.5143,4.57,1.78
5,223,22300,10,-8.185,0,-2.5,2.5058,4.57,1.78
5,224,22400,10,-8.435,0,-2.5,2.4969,4.57,1.78
5,225,22500,10,-8.685,0,-2.5,2.4878,4.57,1.78
5,226,22600,10,-8.935,0,-2.5,2.4785,4.57,1.78
5,227,22700,10,-9.185,0,-2.5,2.4693,4.57,1.78
5,228,22800,10,-9.435,0,-2.5,2.4597,4.57,1.78
5,229,22900,10,-9.685,0,-2.5,2.4492,4.57,1.78
5,230,23000,10,-9.935,0,-2.5,2.4382,4.57,1.78
5,231,23100,10,-10.185,0,-2.5,2.4268,4.57,1.78
5,232,23200,10,-10.435,0,-2.5,2.4148,4.57,1.78
5,233,23300,10,-10.685,0,-2.5,2.4021,4.57,1.78
5,234,23400,10,-10.935,0,-2.5,2.3881,4.57,1.78
5,235,23500,10,-11.185,0,-2.5,2.3725,4.57,1.78
5,236,23600,10,-11.435,0,-2.5,2.3552,4.57,1.78
5,237,23700,10,-11.685,0,-2.5,2.3362,4.57,1.78
5,238,23800,10,-11.935,0,-2.5,2.3158,4.57,1.78
5,239,23900,10,-12.185,0,-2.5,2.294,4.57,1.78
